CopiedTimestamp,SourceFile,DestinationFile,FileSize,SourceFileSha1,DeferredCopy,CreatedOnUtc,ModifiedOnUtc,LastAccessedOnUtc,CopyDuration
2024-01-14 13:50:56.9997173,D:\Windows\System32\config\AppEvent.Evt,C:\Users\alish\Desktop\Data\target\D\Windows\System32\config\AppEvent.Evt,196608,050B618795287711422AEE9EBCC40234B455ED9A,False,2002-02-28 15:22:27.2243104,2002-06-04 22:58:39.2027365,2002-06-04 22:58:39.2027365,00:00:00.0110233
2024-01-14 13:50:57.0539188,D:\Windows\System32\config\SecEvent.Evt,C:\Users\alish\Desktop\Data\target\D\Windows\System32\config\SecEvent.Evt,196608,D23AC29A698B9ED8A574621E4E515809CBF3543C,False,2002-02-28 15:22:27.4646560,2002-06-04 22:58:39.2027365,2002-06-04 22:58:39.2027365,00:00:00.0031443
2024-01-14 13:50:57.0623565,D:\Windows\System32\config\SysEvent.Evt,C:\Users\alish\Desktop\Data\target\D\Windows\System32\config\SysEvent.Evt,131072,D35D351A0DC8C98D487C16A1BDBE1241D4583D12,False,2002-02-28 15:22:27.4846848,2002-06-04 22:58:39.2027365,2002-06-04 22:58:39.2027365,00:00:00.0024692
2024-01-14 13:50:57.0704184,D:\Windows\prefetch\AGENTSVR.EXE-002E45AB.pf,C:\Users\alish\Desktop\Data\target\D\Windows\prefetch\AGENTSVR.EXE-002E45AB.pf,6930,14A1C116758A2E4AF2F9E2467280F48881D05E1F,False,2002-02-28 22:07:41.3393888,2002-02-28 22:07:41.3393888,2002-02-28 22:07:41.3393888,00:00:00.0036878
2024-01-14 13:50:57.0781450,D:\Windows\prefetch\AIM.EXE-06D73043.pf,C:\Users\alish\Desktop\Data\target\D\Windows\prefetch\AIM.EXE-06D73043.pf,22230,C6876C7AA72E4CEFD0A9067CBFE4ACE97389BEB6,False,2002-03-01 15:39:31.7140576,2002-03-31 16:22:35.3474992,2002-03-31 16:22:35.3474992,00:00:00.0040135
2024-01-14 13:50:57.0837665,D:\Windows\prefetch\AIM.EXE-06F51080.pf,C:\Users\alish\Desktop\Data\target\D\Windows\prefetch\AIM.EXE-06F51080.pf,4846,A0909822064E2882DCB1091803E6F2B9FD2CB105,False,2002-03-01 15:38:59.2473728,2002-03-01 15:38:59.2473728,2002-03-01 15:38:59.2473728,00:00:00.0041136
2024-01-14 13:50:57.0918522,D:\Windows\prefetch\AIM.EXE-16BDDDF3.pf,C:\Users\alish\Desktop\Data\target\D\Windows\prefetch\AIM.EXE-16BDDDF3.pf,35650,19958C6FE311831250B0E9425E51DB6E3D367A69,False,2002-04-18 20:06:24.5946361,2002-06-03 21:20:05.3093808,2002-06-03 21:20:05.3093808,00:00:00.0033734
2024-01-14 13:50:57.0933710,D:\Windows\prefetch\AIM95.EXE-04697FB3.pf,C:\Users\alish\Desktop\Data\target\D\Windows\prefetch\AIM95.EXE-04697FB3.pf,4930,63B9CFF117315090B808E9DEEB56109FFDC7B2CE,False,2002-03-01 15:57:41.9195120,2002-03-31 16:22:19.6849776,2002-03-31 16:22:19.6849776,00:00:00
2024-01-14 13:50:57.0983862,D:\Windows\prefetch\AOL.EXE-2FC4CF83.pf,C:\Users\alish\Desktop\Data\target\D\Windows\prefetch\AOL.EXE-2FC4CF83.pf,5956,4142FFF5A28175D1086CF58FD526E8199E02D995,False,2002-03-01 15:12:04.4569936,2002-06-05 00:08:09.1553136,2002-06-05 00:08:09.1553136,00:00:00
2024-01-14 13:50:57.1087703,D:\Windows\prefetch\AOLOND~1.EXE-228B47CA.pf,C:\Users\alish\Desktop\Data\target\D\Windows\prefetch\AOLOND~1.EXE-228B47CA.pf,17302,0A87A14BF94852E978DEC15B34948A857C4AF020,False,2002-03-01 15:58:49.6563696,2002-03-31 16:22:21.5376416,2002-03-31 16:22:21.5376416,00:00:00.0035252
2024-01-14 13:50:57.1135523,D:\Windows\prefetch\AOLPHX.EXE-201D3703.pf,C:\Users\alish\Desktop\Data\target\D\Windows\prefetch\AOLPHX.EXE-201D3703.pf,6402,F310F0C423812E8D7FE2F3D9157FD75B008AF183,False,2002-03-01 15:25:54.8991568,2002-06-03 19:11:34.8227536,2002-06-03 19:11:34.8227536,00:00:00.0047820
2024-01-14 13:50:57.1135523,D:\Windows\prefetch\AOLTRAY.EXE-0A8D969B.pf,C:\Users\alish\Desktop\Data\target\D\Windows\prefetch\AOLTRAY.EXE-0A8D969B.pf,7612,9446F1D2587C36414383430BD12970CB11C91D5A,False,2002-03-31 14:05:19.1224736,2002-03-31 14:05:19.1224736,2002-03-31 14:05:19.1224736,00:00:00
2024-01-14 13:50:57.1252403,D:\Windows\prefetch\AOLTRAY.EXE-33411356.pf,C:\Users\alish\Desktop\Data\target\D\Windows\prefetch\AOLTRAY.EXE-33411356.pf,9924,24F23265F5E531A5E3502511BDE8D1F51C00BF83,False,2002-03-01 15:10:50.9713264,2002-03-01 15:11:01.0458128,2002-03-01 15:11:01.0458128,00:00:00.0016621
2024-01-14 13:50:57.1274197,D:\Windows\prefetch\CDBOOT.EXE-02410F6B.pf,C:\Users\alish\Desktop\Data\target\D\Windows\prefetch\CDBOOT.EXE-02410F6B.pf,10082,EF150903415899922870C34F02A96E10849E2E4B,False,2002-03-01 15:26:04.9936720,2002-03-01 15:58:21.8163376,2002-03-01 15:58:21.8163376,00:00:00
2024-01-14 13:50:57.1274197,D:\Windows\prefetch\CLEANMGR.EXE-1F86EA8E.pf,C:\Users\alish\Desktop\Data\target\D\Windows\prefetch\CLEANMGR.EXE-1F86EA8E.pf,45730,D1257C6650E1A5FA7D933049DC69762EEE9B8B04,False,2002-03-31 16:48:26.7673600,2002-06-03 17:08:44.5450848,2002-06-03 17:08:44.5450848,00:00:00
2024-01-14 13:50:57.1430604,D:\Windows\prefetch\CONTROL.EXE-013DBFB5.pf,C:\Users\alish\Desktop\Data\target\D\Windows\prefetch\CONTROL.EXE-013DBFB5.pf,9460,E329576BC88701F774965C58F46CE3D9F724433B,False,2002-03-31 16:51:10.1322672,2002-03-31 16:51:10.1322672,2002-03-31 16:51:10.1322672,00:00:00.0024164
2024-01-14 13:50:57.1430604,D:\Windows\prefetch\DAHOTFIX.EXE-0220060F.pf,C:\Users\alish\Desktop\Data\target\D\Windows\prefetch\DAHOTFIX.EXE-0220060F.pf,34912,9F2C8B320A798A0F166B47F95FC666212F17666C,False,2002-03-31 16:47:46.6096160,2002-03-31 16:47:49.1032016,2002-03-31 16:47:49.1032016,00:00:00
2024-01-14 13:50:57.1496075,D:\Windows\prefetch\DEFRAG.EXE-273F131E.pf,C:\Users\alish\Desktop\Data\target\D\Windows\prefetch\DEFRAG.EXE-273F131E.pf,7790,6229560853333CB9EC9A7050C48D6ECF18EB4E13,False,2002-03-01 14:34:49.0607136,2002-06-03 23:47:21.7655808,2002-06-03 23:47:21.7655808,00:00:00
2024-01-14 13:50:57.1577375,D:\Windows\prefetch\DFRGNTFS.EXE-269967DF.pf,C:\Users\alish\Desktop\Data\target\D\Windows\prefetch\DFRGNTFS.EXE-269967DF.pf,19308,4C62D54C6B90BD32567163E5DAD19A80D7D7DF31,False,2002-03-01 14:34:51.7846304,2002-06-03 23:47:22.3163728,2002-06-03 23:47:22.3163728,00:00:00.0012661
2024-01-14 13:50:57.1639356,D:\Windows\prefetch\DISKINST.EXE-0E0B1E8F.pf,C:\Users\alish\Desktop\Data\target\D\Windows\prefetch\DISKINST.EXE-0E0B1E8F.pf,7606,094EAD23F294F871417EB138D4E4F2F022E0DE26,False,2002-03-01 15:26:00.7075088,2002-03-01 15:58:21.4858624,2002-03-01 15:58:21.4858624,00:00:00.0061981
2024-01-14 13:50:57.1734874,D:\Windows\prefetch\EXPLORER.EXE-082F38A9.pf,C:\Users\alish\Desktop\Data\target\D\Windows\prefetch\EXPLORER.EXE-082F38A9.pf,74744,95E474FA85FF689A07684242B4E64F2B86982DEB,False,2002-02-28 22:22:42.9558496,2002-05-14 18:05:13.3009904,2002-05-14 18:05:13.3009904,00:00:00.0095518
2024-01-14 13:50:57.1795429,D:\Windows\prefetch\EXTRAS.EXE-3AEFA9A5.pf,C:\Users\alish\Desktop\Data\target\D\Windows\prefetch\EXTRAS.EXE-3AEFA9A5.pf,8372,9C26A50982BE01673E1445F65601CC2CB8F2984E,False,2002-03-01 15:26:14.9980576,2002-03-01 15:44:58.1014992,2002-03-01 15:44:58.1014992,00:00:00
2024-01-14 13:50:57.1843567,D:\Windows\prefetch\GLB1.TMP-148E81C1.pf,C:\Users\alish\Desktop\Data\target\D\Windows\prefetch\GLB1.TMP-148E81C1.pf,15114,18F45FC8E250EB0A96AFE7563732726912503566,False,2002-03-01 15:38:59.4276320,2002-03-01 15:38:59.4276320,2002-03-01 15:38:59.4276320,00:00:00.0048138
2024-01-14 13:50:57.1899960,D:\Windows\prefetch\GLB13.TMP-0BAC31D5.pf,C:\Users\alish\Desktop\Data\target\D\Windows\prefetch\GLB13.TMP-0BAC31D5.pf,14916,2054E2DF46B5CEC038DB9AAA96CC0E23D058942E,False,2002-03-01 15:57:42.0296704,2002-03-01 15:57:42.0396848,2002-03-01 15:57:42.0396848,00:00:00.0031244
2024-01-14 13:50:57.1899960,D:\Windows\prefetch\GLB1B.TMP-1354A202.pf,C:\Users\alish\Desktop\Data\target\D\Windows\prefetch\GLB1B.TMP-1354A202.pf,14574,B7F99A47C483C4E4A774264DDCC85CF62A001424,False,2002-03-01 15:58:36.2070304,2002-03-01 15:58:36.2070304,2002-03-01 15:58:36.2070304,00:00:00
2024-01-14 13:50:57.1991744,D:\Windows\prefetch\GLB23.TMP-2405BA7C.pf,C:\Users\alish\Desktop\Data\target\D\Windows\prefetch\GLB23.TMP-2405BA7C.pf,15692,F0B7440CCAC03BC987CFC40CF8D3F6E5F5131403,False,2002-03-01 15:26:38.7321856,2002-03-01 15:26:38.7622288,2002-03-01 15:26:38.7622288,00:00:00
2024-01-14 13:50:57.2064941,D:\Windows\prefetch\GLB98.TMP-26E37750.pf,C:\Users\alish\Desktop\Data\target\D\Windows\prefetch\GLB98.TMP-26E37750.pf,15310,0F506383475EDF55846A5559CB5B1D158AA66AC0,False,2002-03-31 16:22:19.7050064,2002-03-31 16:22:19.7250352,2002-03-31 16:22:19.7250352,00:00:00.0022846
2024-01-14 13:50:57.2064941,D:\Windows\prefetch\GLJ25.TMP-176642C3.pf,C:\Users\alish\Desktop\Data\target\D\Windows\prefetch\GLJ25.TMP-176642C3.pf,13368,4A2E48ACAA7EE54199BB0DC04A3AC1674581B7BB,False,2002-03-01 15:26:38.6620848,2002-03-01 15:26:43.9496880,2002-03-01 15:26:43.9496880,00:00:00
2024-01-14 13:50:57.2064941,D:\Windows\prefetch\GLJ3.TMP-06FE9C2B.pf,C:\Users\alish\Desktop\Data\target\D\Windows\prefetch\GLJ3.TMP-06FE9C2B.pf,14486,AB848D1E6E2D73CE42922B6190E9D62C71E2FCE9,False,2002-03-01 15:11:43.3766816,2002-03-01 15:11:52.2394256,2002-03-01 15:11:52.2394256,00:00:00
2024-01-14 13:50:57.2221816,D:\Windows\prefetch\GRPCONV.EXE-111CD845.pf,C:\Users\alish\Desktop\Data\target\D\Windows\prefetch\GRPCONV.EXE-111CD845.pf,12374,74CE60C4ABBDDA3BAECAD057FF428A3DB356F0FF,False,2002-03-01 15:10:35.7093808,2002-03-31 16:49:27.9453296,2002-03-31 16:49:27.9453296,00:00:00.0025627
2024-01-14 13:50:57.2221816,D:\Windows\prefetch\HELPCTR.EXE-3862B6F5.pf,C:\Users\alish\Desktop\Data\target\D\Windows\prefetch\HELPCTR.EXE-3862B6F5.pf,69648,70208BFC13748B5C80CDEA372E3BE11347061EF3,False,2002-03-31 15:02:14.9339940,2002-05-14 18:54:52.1680768,2002-05-14 18:54:52.1680768,00:00:00
2024-01-14 13:50:57.2369162,D:\Windows\prefetch\HELPSVC.EXE-2878DDA2.pf,C:\Users\alish\Desktop\Data\target\D\Windows\prefetch\HELPSVC.EXE-2878DDA2.pf,27490,74D5696CCC62E2DC9C628BF16390D370E6243C52,False,2002-03-31 15:02:20.4182364,2002-06-03 23:48:34.6904416,2002-06-03 23:48:34.6904416,00:00:00.0012570
2024-01-14 13:50:57.2369162,D:\Windows\prefetch\IE4UINIT.EXE-169A5A39.pf,C:\Users\alish\Desktop\Data\target\D\Windows\prefetch\IE4UINIT.EXE-169A5A39.pf,27866,48F3DFCA1229520A86B188883B80A950681CF402,False,2002-02-28 22:22:46.2405728,2002-02-28 22:22:46.2405728,2002-02-28 22:22:46.2405728,00:00:00
2024-01-14 13:50:57.2499274,D:\Windows\prefetch\IEXPLORE.EXE-27122324.pf,C:\Users\alish\Desktop\Data\target\D\Windows\prefetch\IEXPLORE.EXE-27122324.pf,77448,22B0522A97C0DF5F2A9FBFA3A0F76B92D6194ED2,False,2002-03-01 15:39:55.9489056,2002-06-04 23:40:38.0912000,2002-06-04 23:40:38.0912000,00:00:00.0130112
2024-01-14 13:50:57.2572517,D:\Windows\prefetch\IMAPI.EXE-0BF740A4.pf,C:\Users\alish\Desktop\Data\target\D\Windows\prefetch\IMAPI.EXE-0BF740A4.pf,9900,871F17B1FA9047D1BB464E56E2321338AE4517D3,False,2002-02-28 22:24:19.2743488,2002-06-05 00:40:07.9943808,2002-06-05 00:40:07.9943808,00:00:00
2024-01-14 13:50:57.2572517,D:\Windows\prefetch\INSTCAT.EXE-3099080F.pf,C:\Users\alish\Desktop\Data\target\D\Windows\prefetch\INSTCAT.EXE-3099080F.pf,11300,EB2E8EF704CD443F77A9238ED6C999246B37E591,False,2002-03-31 16:49:47.7838560,2002-03-31 16:49:47.7838560,2002-03-31 16:49:47.7838560,00:00:00
2024-01-14 13:50:57.2689488,D:\Windows\prefetch\LOGON.SCR-151EFAEA.pf,C:\Users\alish\Desktop\Data\target\D\Windows\prefetch\LOGON.SCR-151EFAEA.pf,6414,0FFD8BDD10937D95C2E00830E7A528357CABB016,False,2002-03-01 14:27:16.7803664,2002-06-03 23:36:00.0953872,2002-06-03 23:36:00.0953872,00:00:00.0031634
2024-01-14 13:50:57.2699937,D:\Windows\prefetch\LOGONUI.EXE-0AF22957.pf,C:\Users\alish\Desktop\Data\target\D\Windows\prefetch\LOGONUI.EXE-0AF22957.pf,13428,35A6B992875A5095A08102C506B8FD195743EDB7,False,2002-02-28 22:22:34.7941136,2002-05-14 19:15:06.3440976,2002-06-04 22:58:34.0867773,00:00:00
2024-01-14 13:50:57.2699937,D:\Windows\prefetch\MMC.EXE-3A6A3D2F.pf,C:\Users\alish\Desktop\Data\target\D\Windows\prefetch\MMC.EXE-3A6A3D2F.pf,23216,651E9C5FBEBC28C44B07B7BBB6FF30D4DBAEAF98,False,2002-03-01 14:56:51.1017152,2002-03-01 14:56:51.1017152,2002-03-01 14:56:51.1017152,00:00:00
2024-01-14 13:50:57.2817107,D:\Windows\prefetch\MMSSETUP.EXE-241690EA.pf,C:\Users\alish\Desktop\Data\target\D\Windows\prefetch\MMSSETUP.EXE-241690EA.pf,42262,ABDDBE4890C49DDFB50B5E23E6F94192336F9F89,False,2002-03-31 16:49:26.1427376,2002-03-31 16:49:26.1427376,2002-03-31 16:49:26.1427376,00:00:00
2024-01-14 13:50:57.2918272,D:\Windows\prefetch\MSIEXEC.EXE-2F8A8CAE.pf,C:\Users\alish\Desktop\Data\target\D\Windows\prefetch\MSIEXEC.EXE-2F8A8CAE.pf,19342,98E214C1F95E2485721E0ECE292A4259B70C5C6D,False,2002-02-28 22:23:54.1882768,2002-02-28 22:23:54.1882768,2002-02-28 22:23:54.1882768,00:00:00.0043013
2024-01-14 13:50:57.2990615,D:\Windows\prefetch\MSIMN.EXE-38BA891D.pf,C:\Users\alish\Desktop\Data\target\D\Windows\prefetch\MSIMN.EXE-38BA891D.pf,55704,C072450ACF08870A9FF2E23BB3D50B4E7631B638,False,2002-03-31 14:10:54.9650272,2002-06-03 21:08:19.9951888,2002-06-03 21:08:19.9951888,00:00:00.0034411
2024-01-14 13:50:57.3041858,D:\Windows\prefetch\MSMSGS.EXE-2B6052DE.pf,C:\Users\alish\Desktop\Data\target\D\Windows\prefetch\MSMSGS.EXE-2B6052DE.pf,32126,9522BE9D453BDF305D15CE4C79F6FB1160C83793,False,2002-02-28 22:24:19.0540320,2002-05-14 17:03:51.3998448,2002-05-14 17:03:51.3998448,00:00:00.0051243
2024-01-14 13:50:57.3094931,D:\Windows\prefetch\MSMSGSIN.EXE-2575A98E.pf,C:\Users\alish\Desktop\Data\target\D\Windows\prefetch\MSMSGSIN.EXE-2575A98E.pf,10344,6C5A324EA6A8F2677750A8FB2937235E2517A310,False,2002-03-31 16:49:17.8307856,2002-03-31 16:49:27.7350272,2002-03-31 16:49:27.7350272,00:00:00.0053073
2024-01-14 13:50:57.3137634,D:\Windows\prefetch\MSOOBE.EXE-30411B02.pf,C:\Users\alish\Desktop\Data\target\D\Windows\prefetch\MSOOBE.EXE-30411B02.pf,61344,B4E64FE9E498652A6186EF0FCAE02D1D1DBCE15B,False,2002-02-28 22:07:14.5909264,2002-03-31 14:02:01.0692352,2002-03-31 14:02:01.0692352,00:00:00
2024-01-14 13:50:57.3222303,D:\Windows\prefetch\MSTINIT.EXE-39813B24.pf,C:\Users\alish\Desktop\Data\target\D\Windows\prefetch\MSTINIT.EXE-39813B24.pf,6742,F5D70D82D5038D97714402E4FD7DCBE6842818E9,False,2002-02-28 22:24:08.3486384,2002-02-28 22:24:08.3486384,2002-02-28 22:24:08.3486384,00:00:00.0084669
2024-01-14 13:50:57.3298445,D:\Windows\prefetch\MTSAXINSTALLER.EXE-0997008B.pf,C:\Users\alish\Desktop\Data\target\D\Windows\prefetch\MTSAXINSTALLER.EXE-0997008B.pf,31666,D9330E39C34BA3093A5E5AC1B9F372E9FF78DC07,False,2002-03-01 15:10:41.3374736,2002-03-01 15:10:41.3374736,2002-03-01 15:10:41.3374736,00:00:00.0021764
2024-01-14 13:50:57.3298445,D:\Windows\prefetch\NOTEPAD.EXE-336351A9.pf,C:\Users\alish\Desktop\Data\target\D\Windows\prefetch\NOTEPAD.EXE-336351A9.pf,10592,4FED1F67FCB3D2C2D6F8390BE517236483CC7A79,False,2002-03-31 15:23:33.3443488,2002-06-04 23:58:51.4734064,2002-06-04 23:58:51.4734064,00:00:00
2024-01-14 13:50:57.3498823,D:\Windows\prefetch\NTOSBOOT-B00DFAAD.pf,C:\Users\alish\Desktop\Data\target\D\Windows\prefetch\NTOSBOOT-B00DFAAD.pf,331552,5CD109856224055E52E91DF7B20AC10FBABF89FC,False,2002-03-01 14:18:30.8441072,2002-06-04 23:03:21.1045712,2002-06-04 23:03:21.1045712,00:00:00.0054000
2024-01-14 13:50:57.3498823,D:\Windows\prefetch\NTVDM.EXE-1A10A423.pf,C:\Users\alish\Desktop\Data\target\D\Windows\prefetch\NTVDM.EXE-1A10A423.pf,34414,CEE513B865D43F78754BC8B7165C431570626592,False,2002-03-01 14:52:40.0707504,2002-05-14 16:21:54.5911953,2002-05-14 16:21:54.5911953,00:00:00
2024-01-14 13:50:57.3624130,D:\Windows\prefetch\OSPATH.EXE-0C1A31EE.pf,C:\Users\alish\Desktop\Data\target\D\Windows\prefetch\OSPATH.EXE-0C1A31EE.pf,32758,9F5CC47DD7D03F5D33BF3DD4011329C744A09D92,False,2002-03-01 15:12:04.1765904,2002-04-18 20:05:08.1072832,2002-04-18 20:05:08.1072832,00:00:00.0125307
2024-01-14 13:50:57.3688530,D:\Windows\prefetch\Q309521_X86.EXE-12B8D653.pf,C:\Users\alish\Desktop\Data\target\D\Windows\prefetch\Q309521_X86.EXE-12B8D653.pf,18562,E18E653DB9AED253D0AF8CA8987DF4A071368872,False,2002-03-31 16:52:31.7796704,2002-03-31 16:52:31.7796704,2002-03-31 16:52:31.7796704,00:00:00.0028036
2024-01-14 13:50:57.3688530,D:\Windows\prefetch\Q311889.EXE-03E89CF8.pf,C:\Users\alish\Desktop\Data\target\D\Windows\prefetch\Q311889.EXE-03E89CF8.pf,10842,AC3C91A90CF8912444A5FF04E513C6D3C8E08A43,False,2002-03-31 16:52:10.2286816,2002-03-31 16:52:10.2286816,2002-03-31 16:52:10.2286816,00:00:00
2024-01-14 13:50:57.3785861,D:\Windows\prefetch\Q313484.EXE-1244BD98.pf,C:\Users\alish\Desktop\Data\target\D\Windows\prefetch\Q313484.EXE-1244BD98.pf,15030,BE66C7C18113C80175C93BFFC0B55DE769FE80BE,False,2002-03-31 16:51:31.4228816,2002-03-31 16:51:31.4228816,2002-03-31 16:51:31.4228816,00:00:00.0043016
2024-01-14 13:50:57.3804265,D:\Windows\prefetch\Q314147.EXE-043147AF.pf,C:\Users\alish\Desktop\Data\target\D\Windows\prefetch\Q314147.EXE-043147AF.pf,11358,F33BD522113049D85EC41DE8C28A25E650999721,False,2002-03-31 16:50:11.2676240,2002-03-31 16:50:11.2676240,2002-03-31 16:50:11.2676240,00:00:00
2024-01-14 13:50:57.3856386,D:\Windows\prefetch\Q314862.EXE-037C4C1A.pf,C:\Users\alish\Desktop\Data\target\D\Windows\prefetch\Q314862.EXE-037C4C1A.pf,12192,F3FF4460447C021C3CB3C4BC36D14DB556BE5EE4,False,2002-03-31 16:50:50.6542592,2002-03-31 16:50:50.6642736,2002-03-31 16:50:50.6642736,00:00:00
2024-01-14 13:50:57.3959135,D:\Windows\prefetch\Q315000.EXE-0DF90442.pf,C:\Users\alish\Desktop\Data\target\D\Windows\prefetch\Q315000.EXE-0DF90442.pf,12498,557D4B25C4CA3DA38952CBF25093C37D59E3776D,False,2002-03-31 16:51:08.9205248,2002-03-31 16:51:08.9205248,2002-03-31 16:51:08.9205248,00:00:00.0027127
2024-01-14 13:50:57.4005120,D:\Windows\prefetch\Q315403.EXE-267A4061.pf,C:\Users\alish\Desktop\Data\target\D\Windows\prefetch\Q315403.EXE-267A4061.pf,10952,7960F4215B337AC664EEEFE478FD376045D85AEA,False,2002-03-31 16:50:32.3679648,2002-03-31 16:50:32.3679648,2002-03-31 16:50:32.3679648,00:00:00.0021659
2024-01-14 13:50:57.4021332,D:\Windows\prefetch\Q317277.EXE-1D1EC27F.pf,C:\Users\alish\Desktop\Data\target\D\Windows\prefetch\Q317277.EXE-1D1EC27F.pf,18702,5120308CF414A5BB8EDA597C2CECD78824A21016,False,2002-03-31 16:48:01.0203376,2002-03-31 16:48:01.0303520,2002-03-31 16:48:01.0303520,00:00:00
2024-01-14 13:50:57.4092768,D:\Windows\prefetch\Q318202.EXE-37B6CE5C.pf,C:\Users\alish\Desktop\Data\target\D\Windows\prefetch\Q318202.EXE-37B6CE5C.pf,8648,B99B8071EDEE1D00E5D14E879A3EE8E6B85F3F1D,False,2002-03-31 16:47:49.1232304,2002-03-31 16:47:49.1232304,2002-03-31 16:47:49.1232304,00:00:00.0071436
2024-01-14 13:50:57.4163739,D:\Windows\prefetch\Q318203.EXE-1AF62BC4.pf,C:\Users\alish\Desktop\Data\target\D\Windows\prefetch\Q318203.EXE-1AF62BC4.pf,7652,8FE785BE8F577175179D5EA4F2E58E0177098438,False,2002-03-31 16:47:46.6496736,2002-03-31 16:47:46.6496736,2002-03-31 16:47:46.6496736,00:00:00.0030183
2024-01-14 13:50:57.4190582,D:\Windows\prefetch\Q319182.EXE-2F21C621.pf,C:\Users\alish\Desktop\Data\target\D\Windows\prefetch\Q319182.EXE-2F21C621.pf,15410,51BCD62E9ACC0E77F91076CC823BD2F14D7BB2D1,False,2002-03-31 16:49:44.1586432,2002-03-31 16:49:44.1586432,2002-03-31 16:49:44.1586432,00:00:00
2024-01-14 13:50:57.4268772,D:\Windows\prefetch\QUITRE~1.EXE-2BC020E6.pf,C:\Users\alish\Desktop\Data\target\D\Windows\prefetch\QUITRE~1.EXE-2BC020E6.pf,2860,3C41AC80EE7FFADE430098EC623FFA4C57AF5CD9,False,2002-03-01 15:26:31.0511408,2002-03-01 15:26:31.0511408,2002-03-01 15:26:31.0511408,00:00:00.0078190
2024-01-14 13:50:57.4268772,D:\Windows\prefetch\RASAUTOU.EXE-18B88A68.pf,C:\Users\alish\Desktop\Data\target\D\Windows\prefetch\RASAUTOU.EXE-18B88A68.pf,16900,F7A279B8D865EAFAAB6AE6529E6E298A2F35B769,False,2002-03-01 15:39:59.9646800,2002-06-03 20:12:07.5859024,2002-06-03 20:12:07.5859024,00:00:00
2024-01-14 13:50:57.4382549,D:\Windows\prefetch\RBM.EXE-08BF3CD1.pf,C:\Users\alish\Desktop\Data\target\D\Windows\prefetch\RBM.EXE-08BF3CD1.pf,5638,6886B6C9B78685D647C6CCA27453424B8B42B834,False,2002-03-01 15:11:59.9605280,2002-03-01 15:11:59.9605280,2002-03-01 15:11:59.9605280,00:00:00.0043572
2024-01-14 13:50:57.4421794,D:\Windows\prefetch\REAL.EXE-1EFCF7BE.pf,C:\Users\alish\Desktop\Data\target\D\Windows\prefetch\REAL.EXE-1EFCF7BE.pf,22466,42137F536EB3DF7E932760E7F84672514F0562C0,False,2002-03-01 15:09:39.4785248,2002-03-01 15:09:39.5085680,2002-03-01 15:09:39.5085680,00:00:00
2024-01-14 13:50:57.4502254,D:\Windows\prefetch\REALPLAY.EXE-1BF219BD.pf,C:\Users\alish\Desktop\Data\target\D\Windows\prefetch\REALPLAY.EXE-1BF219BD.pf,18026,67BC999A596D3B367CA990F3BBA5E862DBA50AE9,False,2002-03-31 14:05:18.8620992,2002-03-31 14:05:18.8620992,2002-03-31 14:05:18.8620992,00:00:00.0040251
2024-01-14 13:50:57.4569783,D:\Windows\prefetch\REGSVR32.EXE-25EEFE2F.pf,C:\Users\alish\Desktop\Data\target\D\Windows\prefetch\REGSVR32.EXE-25EEFE2F.pf,51870,C6B47A9A816657153BEF5DE0B0D816F92EC0D5BD,False,2002-02-28 22:23:04.9274432,2002-03-01 15:11:54.6228528,2002-03-01 15:11:54.6228528,00:00:00.0045200
2024-01-14 13:50:57.4612925,D:\Windows\prefetch\RUNDLL32.EXE-150CC720.pf,C:\Users\alish\Desktop\Data\target\D\Windows\prefetch\RUNDLL32.EXE-150CC720.pf,22158,48E93E3923C8FD21F4E473A44E3C0393079D8DE3,False,2002-03-01 14:56:40.9370992,2002-05-14 16:49:59.1232048,2002-05-14 16:49:59.1232048,00:00:00.0021081
2024-01-14 13:50:57.4678390,D:\Windows\prefetch\RUNDLL32.EXE-174D3677.pf,C:\Users\alish\Desktop\Data\target\D\Windows\prefetch\RUNDLL32.EXE-174D3677.pf,24258,32EAED039673C65F24279A2458E585603058E819,False,2002-04-01 12:42:18.4689424,2002-06-04 23:55:06.2395360,2002-06-04 23:55:06.2395360,00:00:00.0065465
2024-01-14 13:50:57.4728512,D:\Windows\prefetch\RUNDLL32.EXE-1872DDF6.pf,C:\Users\alish\Desktop\Data\target\D\Windows\prefetch\RUNDLL32.EXE-1872DDF6.pf,7308,6EDE3EB917121FA51E611DA44ABDEF6C55B895A1,False,2002-02-28 22:24:19.0440176,2002-02-28 22:24:19.0440176,2002-02-28 22:24:19.0440176,00:00:00.0050122
2024-01-14 13:50:57.4728512,D:\Windows\prefetch\RUNDLL32.EXE-1903AB37.pf,C:\Users\alish\Desktop\Data\target\D\Windows\prefetch\RUNDLL32.EXE-1903AB37.pf,23592,4F3BDF69F0E20BEBFEF3B491E0FA29177A87222F,False,2002-03-31 16:51:10.6029440,2002-03-31 16:51:10.6029440,2002-03-31 16:51:10.6029440,00:00:00
2024-01-14 13:50:57.4728512,D:\Windows\prefetch\RUNDLL32.EXE-1947DA18.pf,C:\Users\alish\Desktop\Data\target\D\Windows\prefetch\RUNDLL32.EXE-1947DA18.pf,18718,406DBD6A923DCF86C20A3CA5BB381B6C258D6066,False,2002-02-28 22:24:03.1211216,2002-02-28 22:24:03.1211216,2002-02-28 22:24:03.1211216,00:00:00
2024-01-14 13:50:57.4911508,D:\Windows\prefetch\RUNDLL32.EXE-1C549DC0.pf,C:\Users\alish\Desktop\Data\target\D\Windows\prefetch\RUNDLL32.EXE-1C549DC0.pf,9724,A816E3D4F2DAF68D6A0009A69A71FD58C50A6C51,False,2002-03-01 14:18:31.1445392,2002-03-01 14:18:31.1445392,2002-03-01 14:18:31.1445392,00:00:00.0010961
2024-01-14 13:50:57.4911508,D:\Windows\prefetch\RUNDLL32.EXE-1EB68ECB.pf,C:\Users\alish\Desktop\Data\target\D\Windows\prefetch\RUNDLL32.EXE-1EB68ECB.pf,10722,FA92BC84F76F9C2112C2D8ABA9370E2FA977E0AF,False,2002-03-31 16:49:18.5918800,2002-03-31 16:49:18.5918800,2002-03-31 16:49:18.5918800,00:00:00
2024-01-14 13:50:57.5046656,D:\Windows\prefetch\RUNDLL32.EXE-2329F031.pf,C:\Users\alish\Desktop\Data\target\D\Windows\prefetch\RUNDLL32.EXE-2329F031.pf,13738,72CC406134467A261C7FD0990F950CDDE060E8F4,False,2002-02-28 22:22:46.6812064,2002-02-28 22:22:46.6812064,2002-02-28 22:22:46.6812064,00:00:00
2024-01-14 13:50:57.5046656,D:\Windows\prefetch\RUNDLL32.EXE-268BFF96.pf,C:\Users\alish\Desktop\Data\target\D\Windows\prefetch\RUNDLL32.EXE-268BFF96.pf,7240,FDB629D6D8025CC5F9FB04ED0C3C7C5F8945417F,False,2002-03-31 15:24:34.5123040,2002-06-04 23:30:57.9269648,2002-06-04 23:30:57.9269648,00:00:00
2024-01-14 13:50:57.5046656,D:\Windows\prefetch\RUNDLL32.EXE-2AFED5AA.pf,C:\Users\alish\Desktop\Data\target\D\Windows\prefetch\RUNDLL32.EXE-2AFED5AA.pf,16626,6D4FA8CDAE96951D792325B9DE71D448A893DEF4,False,2002-03-31 14:56:33.6207444,2002-04-30 13:58:48.4149792,2002-04-18 22:31:12.4679280,00:00:00
2024-01-14 13:50:57.5217739,D:\Windows\prefetch\RUNDLL32.EXE-2BA6D881.pf,C:\Users\alish\Desktop\Data\target\D\Windows\prefetch\RUNDLL32.EXE-2BA6D881.pf,39070,842D313C4B068A817A771D095BDD68F965A4FF14,False,2002-02-28 22:23:40.4184768,2002-02-28 22:23:40.4184768,2002-02-28 22:23:40.4184768,00:00:00.0156440
2024-01-14 13:50:57.5222839,D:\Windows\prefetch\RUNDLL32.EXE-2D21FCF1.pf,C:\Users\alish\Desktop\Data\target\D\Windows\prefetch\RUNDLL32.EXE-2D21FCF1.pf,11758,2D3E2C7530365D94952E9EE8AC7B0B6C69541271,False,2002-03-01 14:51:44.9314640,2002-03-01 14:51:44.9314640,2002-03-01 14:51:44.9314640,00:00:00
2024-01-14 13:50:57.5222839,D:\Windows\prefetch\RUNDLL32.EXE-2E0C3B1A.pf,C:\Users\alish\Desktop\Data\target\D\Windows\prefetch\RUNDLL32.EXE-2E0C3B1A.pf,20488,E7BF60B536CAAF8AD9EE365640C93406FB5B5FEC,False,2002-02-28 22:24:02.3500128,2002-02-28 22:24:02.3500128,2002-02-28 22:24:02.3500128,00:00:00
2024-01-14 13:50:57.5385311,D:\Windows\prefetch\RUNDLL32.EXE-31813762.pf,C:\Users\alish\Desktop\Data\target\D\Windows\prefetch\RUNDLL32.EXE-31813762.pf,10624,7BA403D99A24F1297BA191CF746DBEDF062F5440,False,2002-03-31 14:45:14.3066530,2002-03-31 14:45:14.3166660,2002-03-31 14:45:14.3166660,00:00:00.0162472
2024-01-14 13:50:57.5428774,D:\Windows\prefetch\RUNDLL32.EXE-324F308E.pf,C:\Users\alish\Desktop\Data\target\D\Windows\prefetch\RUNDLL32.EXE-324F308E.pf,11904,AABA01D8235B29C4061D1DD5EB45EAF1AB3CB3EE,False,2002-04-01 12:50:59.2477856,2002-04-01 12:50:59.2477856,2002-04-01 12:50:59.2477856,00:00:00.0029588
2024-01-14 13:50:57.5500660,D:\Windows\prefetch\RUNDLL32.EXE-32B7184F.pf,C:\Users\alish\Desktop\Data\target\D\Windows\prefetch\RUNDLL32.EXE-32B7184F.pf,27636,589D386C8A3E7A42F5635EEC155942F5F25C92CD,False,2002-02-28 22:23:36.3225872,2002-02-28 22:23:36.3225872,2002-02-28 22:23:36.3225872,00:00:00.0071886
2024-01-14 13:50:57.5547485,D:\Windows\prefetch\RUNDLL32.EXE-345B2FB5.pf,C:\Users\alish\Desktop\Data\target\D\Windows\prefetch\RUNDLL32.EXE-345B2FB5.pf,5752,0C1D3C6587291507360DDA4D20D249C148BA62D0,False,2002-02-28 22:23:22.7831184,2002-02-28 22:23:22.7831184,2002-02-28 22:23:22.7831184,00:00:00.0016185
2024-01-14 13:50:57.5594214,D:\Windows\prefetch\RUNDLL32.EXE-351EC734.pf,C:\Users\alish\Desktop\Data\target\D\Windows\prefetch\RUNDLL32.EXE-351EC734.pf,19158,D822F06782558CE23205E37F681D21966D1BE451,False,2002-03-31 16:49:24.9109664,2002-03-31 16:49:24.9109664,2002-03-31 16:49:24.9109664,00:00:00
2024-01-14 13:50:57.5680384,D:\Windows\prefetch\RUNDLL32.EXE-3602C26C.pf,C:\Users\alish\Desktop\Data\target\D\Windows\prefetch\RUNDLL32.EXE-3602C26C.pf,4714,AF11F96CCC0D7A67456E474F5BE8B247F2201F7D,False,2002-03-31 16:51:59.0325824,2002-05-14 17:07:41.6409152,2002-05-14 17:07:41.6409152,00:00:00.0030248
2024-01-14 13:50:57.5704280,D:\Windows\prefetch\RUNDLL32.EXE-400AFECE.pf,C:\Users\alish\Desktop\Data\target\D\Windows\prefetch\RUNDLL32.EXE-400AFECE.pf,10348,DEF8B7C9D7AC49EA2F9AA92BAF1EC13D498A5C80,False,2002-02-28 22:22:45.4694640,2002-02-28 22:22:45.4694640,2002-02-28 22:22:45.4694640,00:00:00
2024-01-14 13:50:57.5781624,D:\Windows\prefetch\RUNDLL32.EXE-4010C4F2.pf,C:\Users\alish\Desktop\Data\target\D\Windows\prefetch\RUNDLL32.EXE-4010C4F2.pf,28542,5A5259311283D2C3C2DA0352E5D2E03C48956F63,False,2002-02-28 22:22:54.8028848,2002-02-28 22:22:54.8028848,2002-02-28 22:22:54.8028848,00:00:00.0077344
2024-01-14 13:50:57.5847831,D:\Windows\prefetch\RUNDLL32.EXE-40B04B00.pf,C:\Users\alish\Desktop\Data\target\D\Windows\prefetch\RUNDLL32.EXE-40B04B00.pf,12844,E8C85B7BAEE99CE5BA18C4B1C717AEF9E897FAC7,False,2002-03-01 14:51:25.0729088,2002-03-01 14:51:25.0729088,2002-03-01 14:51:25.0729088,00:00:00.0066207
2024-01-14 13:50:57.5866566,D:\Windows\prefetch\RUNDLL32.EXE-41E8A3A0.pf,C:\Users\alish\Desktop\Data\target\D\Windows\prefetch\RUNDLL32.EXE-41E8A3A0.pf,9856,3F4F8BAC0BFA6EE90B6C31878784D7F2C0D177B7,False,2002-05-14 15:52:21.3392480,2002-05-14 15:52:21.3392480,2002-05-14 15:52:21.3392480,00:00:00
2024-01-14 13:50:57.5947087,D:\Windows\prefetch\RUNDLL32.EXE-451FC2C0.pf,C:\Users\alish\Desktop\Data\target\D\Windows\prefetch\RUNDLL32.EXE-451FC2C0.pf,7204,2AE72F46A55BA9E245C4DE49EC727C4339FE4F8A,False,2002-03-01 14:52:29.7859616,2002-06-04 00:01:01.5343504,2002-06-04 00:01:01.5343504,00:00:00.0020926
2024-01-14 13:50:57.6019446,D:\Windows\prefetch\RUNDLL32.EXE-4808490C.pf,C:\Users\alish\Desktop\Data\target\D\Windows\prefetch\RUNDLL32.EXE-4808490C.pf,10890,3488C4B2FDE1888879E3770F1B919CCA157E9AB8,False,2002-05-14 15:51:23.7464336,2002-05-14 15:51:23.7464336,2002-05-14 15:51:23.7464336,00:00:00.0027280
2024-01-14 13:50:57.6019446,D:\Windows\prefetch\RUNONCE.EXE-2803F297.pf,C:\Users\alish\Desktop\Data\target\D\Windows\prefetch\RUNONCE.EXE-2803F297.pf,6728,3E7DE911443325B715EC6B99E2C204B3402875B0,False,2002-02-28 22:27:13.4748368,2002-06-05 00:06:07.8609008,2002-06-05 00:06:07.8609008,00:00:00
2024-01-14 13:50:57.6149729,D:\Windows\prefetch\SETUP.EXE-0F40F254.pf,C:\Users\alish\Desktop\Data\target\D\Windows\prefetch\SETUP.EXE-0F40F254.pf,9270,C73FA557CE0B8087FE1913DBD11B5BFF436E1D5B,False,2002-03-01 15:27:53.0891056,2002-03-01 15:27:53.0891056,2002-03-01 15:27:53.0891056,00:00:00.0130283
2024-01-14 13:50:57.6164500,D:\Windows\prefetch\SETUP.EXE-29389D07.pf,C:\Users\alish\Desktop\Data\target\D\Windows\prefetch\SETUP.EXE-29389D07.pf,9130,7C0ADE5C4CBFB832E9E05ED6349BD60C6782413C,False,2002-03-01 15:28:13.3882944,2002-03-01 15:28:13.4083232,2002-03-01 15:28:13.4083232,00:00:00
2024-01-14 13:50:57.6164500,D:\Windows\prefetch\SETUP32.EXE-2850BBD1.pf,C:\Users\alish\Desktop\Data\target\D\Windows\prefetch\SETUP32.EXE-2850BBD1.pf,17072,B9E21CC2B366A4ECBC324F1F500E0AA3430D1327,False,2002-03-01 14:52:45.3483392,2002-03-01 14:52:45.3483392,2002-03-01 14:52:45.3483392,00:00:00
2024-01-14 13:50:57.6309669,D:\Windows\prefetch\SETUP50.EXE-362FF7C9.pf,C:\Users\alish\Desktop\Data\target\D\Windows\prefetch\SETUP50.EXE-362FF7C9.pf,36596,2FF8672D4BF1F950A295461F6938E13C1291878B,False,2002-02-28 22:23:35.5514784,2002-02-28 22:23:40.8090384,2002-02-28 22:23:40.8090384,00:00:00.0145169
2024-01-14 13:50:57.6330264,D:\Windows\prefetch\SETUP70.EXE-11258520.pf,C:\Users\alish\Desktop\Data\target\D\Windows\prefetch\SETUP70.EXE-11258520.pf,21788,514391353657A979BDDF08B2D6C6979EA1977E78,False,2002-03-01 14:54:48.1048544,2002-03-01 15:07:42.7506784,2002-03-01 15:07:42.7506784,00:00:00
2024-01-14 13:50:57.6330264,D:\Windows\prefetch\SM3.EXE-01792FA3.pf,C:\Users\alish\Desktop\Data\target\D\Windows\prefetch\SM3.EXE-01792FA3.pf,5084,422E822DAD857FCDA8085A2DEDFC0648CBC5D49C,False,2002-03-01 15:25:57.1023248,2002-03-01 15:25:58.9950464,2002-03-01 15:25:58.9950464,00:00:00
2024-01-14 13:50:57.6500722,D:\Windows\prefetch\SVCHOST.EXE-3530F672.pf,C:\Users\alish\Desktop\Data\target\D\Windows\prefetch\SVCHOST.EXE-3530F672.pf,13522,55BED83A84C2F7E6F71C14A6AB3AEAC6F0724ABC,False,2002-02-28 22:06:56.9355392,2002-05-14 18:59:20.2436720,2002-05-14 18:59:20.2436720,00:00:00.0030308
2024-01-14 13:50:57.6500722,D:\Windows\prefetch\SW.EXE-1914CA5A.pf,C:\Users\alish\Desktop\Data\target\D\Windows\prefetch\SW.EXE-1914CA5A.pf,4138,626696FBCDD84BE4FEA565EEE0B5830310CF62FA,False,2002-03-01 15:26:38.3516384,2002-03-01 15:26:38.3916960,2002-03-01 15:26:38.3916960,00:00:00
2024-01-14 13:50:57.6623689,D:\Windows\prefetch\SYSOCMGR.EXE-31169C54.pf,C:\Users\alish\Desktop\Data\target\D\Windows\prefetch\SYSOCMGR.EXE-31169C54.pf,14780,29B91A5F5F6574AF958986C6FB50FD3FAE573585,False,2002-03-31 16:55:50.9360432,2002-05-14 18:44:39.0327456,2002-05-14 18:44:39.0327456,00:00:00.0028642
2024-01-14 13:50:57.6685084,D:\Windows\prefetch\TASKMGR.EXE-20256C55.pf,C:\Users\alish\Desktop\Data\target\D\Windows\prefetch\TASKMGR.EXE-20256C55.pf,16692,81C59E79B44D34F16976903A3779F35C7DCF7C2E,False,2002-04-18 14:36:06.9225520,2002-04-18 14:36:06.9225520,2002-04-18 14:36:06.9225520,00:00:00.0040774
2024-01-14 13:50:57.6738741,D:\Windows\prefetch\TMP1.TMP-2E25E715.pf,C:\Users\alish\Desktop\Data\target\D\Windows\prefetch\TMP1.TMP-2E25E715.pf,10290,E7C5CE16F173371A39B6A2D5E951DCA711D6A4F5,False,2002-03-01 15:09:17.1564272,2002-03-01 15:09:17.1764560,2002-03-01 15:09:17.1764560,00:00:00.0034377
2024-01-14 13:50:57.6798642,D:\Windows\prefetch\TOURSTART.EXE-0D0140ED.pf,C:\Users\alish\Desktop\Data\target\D\Windows\prefetch\TOURSTART.EXE-0D0140ED.pf,10878,BC869637447D62F3411A20039D010055344A6BB6,False,2002-02-28 22:30:55.6543152,2002-05-14 18:03:55.6293040,2002-05-14 18:03:55.6293040,00:00:00.0059901
2024-01-14 13:50:57.6864544,D:\Windows\prefetch\TRAINMAN.EXE-0B98FFE1.pf,C:\Users\alish\Desktop\Data\target\D\Windows\prefetch\TRAINMAN.EXE-0B98FFE1.pf,7524,11067D52A018D759C6ED77F686678AF2BA334115,False,2002-04-01 12:48:59.7659792,2002-04-01 12:48:59.7659792,2002-04-01 12:48:59.7659792,00:00:00.0041751
2024-01-14 13:50:57.6935015,D:\Windows\prefetch\UNREGMP2.EXE-07CACB61.pf,C:\Users\alish\Desktop\Data\target\D\Windows\prefetch\UNREGMP2.EXE-07CACB61.pf,21956,46630DA868CF9B173889A0A8B53EF7EE39C68439,False,2002-02-28 22:22:54.6626832,2002-02-28 22:23:40.2582464,2002-02-28 22:23:40.2582464,00:00:00.0027494
2024-01-14 13:50:57.6961124,D:\Windows\prefetch\UPDATE.EXE-0C3446CF.pf,C:\Users\alish\Desktop\Data\target\D\Windows\prefetch\UPDATE.EXE-0C3446CF.pf,38102,43AACB1C432CF4560AE1C67109F44DF70EBE1406,False,2002-03-31 16:50:44.4853888,2002-03-31 16:50:44.4853888,2002-03-31 16:50:44.4853888,00:00:00
2024-01-14 13:50:57.7054220,D:\Windows\prefetch\UPDATE.EXE-0DF9D715.pf,C:\Users\alish\Desktop\Data\target\D\Windows\prefetch\UPDATE.EXE-0DF9D715.pf,40228,7DFCE310AA24486E74161A221886083F92E5F5BA,False,2002-03-31 16:50:24.8171072,2002-03-31 16:50:24.8171072,2002-03-31 16:50:24.8171072,00:00:00.0093096
2024-01-14 13:50:57.7131215,D:\Windows\prefetch\UPDATE.EXE-119AF007.pf,C:\Users\alish\Desktop\Data\target\D\Windows\prefetch\UPDATE.EXE-119AF007.pf,42462,4725B9CBB6B1C6C1BD602B50E9DBF13264D52601,False,2002-03-31 16:52:26.3919232,2002-03-31 16:52:26.3919232,2002-03-31 16:52:26.3919232,00:00:00.0040932
2024-01-14 13:50:57.7131215,D:\Windows\prefetch\UPDATE.EXE-1A584D34.pf,C:\Users\alish\Desktop\Data\target\D\Windows\prefetch\UPDATE.EXE-1A584D34.pf,16036,9A4C0412E7427DD1B0E336A096665F23041273C0,False,2002-03-31 16:48:03.0532608,2002-03-31 16:48:03.0532608,2002-03-31 16:48:03.0532608,00:00:00
2024-01-14 13:50:57.7261926,D:\Windows\prefetch\UPDATE.EXE-1F14818D.pf,C:\Users\alish\Desktop\Data\target\D\Windows\prefetch\UPDATE.EXE-1F14818D.pf,39924,35A428B02EF04F0212290BC9452A4ECB704F7A4F,False,2002-03-31 16:51:27.4972368,2002-03-31 16:51:27.5072512,2002-03-31 16:51:27.5072512,00:00:00.0130711
2024-01-14 13:50:57.7261926,D:\Windows\prefetch\UPDATE.EXE-26E76F02.pf,C:\Users\alish\Desktop\Data\target\D\Windows\prefetch\UPDATE.EXE-26E76F02.pf,38164,A79C04D2373B8467E7E10B788CBDE4151A9DF68F,False,2002-03-31 16:52:02.6377664,2002-03-31 16:52:02.6377664,2002-03-31 16:52:02.6377664,00:00:00
2024-01-14 13:50:57.7379212,D:\Windows\prefetch\UPDATE.EXE-27C47981.pf,C:\Users\alish\Desktop\Data\target\D\Windows\prefetch\UPDATE.EXE-27C47981.pf,16142,C053B7582978153E66DDBB016072FCE7009A15CA,False,2002-03-31 16:50:07.3519936,2002-03-31 16:50:07.3519936,2002-03-31 16:50:07.3519936,00:00:00.0010727
2024-01-14 13:50:57.7438614,D:\Windows\prefetch\UPDATE.EXE-2A8398A2.pf,C:\Users\alish\Desktop\Data\target\D\Windows\prefetch\UPDATE.EXE-2A8398A2.pf,40318,E819440143AC4FBC3D70F0087D958CE644955190,False,2002-03-31 16:51:03.5227632,2002-03-31 16:51:03.5227632,2002-03-31 16:51:03.5227632,00:00:00
2024-01-14 13:50:57.7513934,D:\Windows\prefetch\USERINIT.EXE-30B18140.pf,C:\Users\alish\Desktop\Data\target\D\Windows\prefetch\USERINIT.EXE-30B18140.pf,8232,D2E185221CD9EB9D0FF49AEE20F01689B06D921C,False,2002-02-28 22:22:42.7155040,2002-03-31 14:05:14.8162816,2002-03-31 14:05:14.8162816,00:00:00.0075320
2024-01-14 13:50:57.7584026,D:\Windows\prefetch\VBS56NEN.EXE-018C72AD.pf,C:\Users\alish\Desktop\Data\target\D\Windows\prefetch\VBS56NEN.EXE-018C72AD.pf,37744,4B500979462BFCCC9A14F68AF51DDA3D222D61A5,False,2002-03-31 16:49:15.0467824,2002-03-31 16:49:15.0668112,2002-03-31 16:49:15.0668112,00:00:00.0037235
2024-01-14 13:50:57.7596682,D:\Windows\prefetch\VERINST.EXE-0DD8AF42.pf,C:\Users\alish\Desktop\Data\target\D\Windows\prefetch\VERINST.EXE-0DD8AF42.pf,3046,CE11DC84D30C129E71E9A5EE5BDDF4CB99FEF8D0,False,2002-03-31 16:50:00.7825472,2002-03-31 16:50:00.7825472,2002-03-31 16:50:00.7825472,00:00:00
2024-01-14 13:50:57.7708891,D:\Windows\prefetch\VIEWPOINT.EXE-290C7B88.pf,C:\Users\alish\Desktop\Data\target\D\Windows\prefetch\VIEWPOINT.EXE-290C7B88.pf,15002,53914E0A41877EE4F32D36B6C44ADDD7E9CCD2D8,False,2002-03-01 15:10:48.0270928,2002-03-01 15:10:48.0270928,2002-03-01 15:10:48.0270928,00:00:00.0048071
2024-01-14 13:50:57.7752802,D:\Windows\prefetch\WANMPSVC.EXE-079295ED.pf,C:\Users\alish\Desktop\Data\target\D\Windows\prefetch\WANMPSVC.EXE-079295ED.pf,13178,7993EA7F6EF99DA46E76D62F155A29E053082FB4,False,2002-03-01 15:12:20.6302496,2002-05-14 18:59:20.2637008,2002-05-14 18:59:20.2637008,00:00:00.0023763
2024-01-14 13:50:57.7856409,D:\Windows\prefetch\WAOL.EXE-36CEFFAA.pf,C:\Users\alish\Desktop\Data\target\D\Windows\prefetch\WAOL.EXE-36CEFFAA.pf,77954,DDA089B0383EBC48A384AFC5084AC4241E485ED2,False,2002-03-01 15:12:05.0077856,2002-06-05 00:08:14.0523552,2002-06-05 00:08:14.0523552,00:00:00.0066328
2024-01-14 13:50:57.7911733,D:\Windows\prefetch\WMAUDI~1.EXE-187211FF.pf,C:\Users\alish\Desktop\Data\target\D\Windows\prefetch\WMAUDI~1.EXE-187211FF.pf,14630,0DC6B6778B7C10C9D0A7892960D0FD43A4D19E89,False,2002-03-01 15:10:22.1198400,2002-03-01 15:10:22.1198400,2002-03-01 15:10:22.1198400,00:00:00.0055324
2024-01-14 13:50:57.7925764,D:\Windows\prefetch\WMIADAP.EXE-2DF425B2.pf,C:\Users\alish\Desktop\Data\target\D\Windows\prefetch\WMIADAP.EXE-2DF425B2.pf,13504,ACFF114FF7247B5EABA34E6237F3221540DD2AE1,False,2002-02-28 22:08:36.1181568,2002-05-14 17:55:16.2442832,2002-05-14 17:55:16.2442832,00:00:00
2024-01-14 13:50:57.8016469,D:\Windows\prefetch\WMIPRVSE.EXE-28F301A9.pf,C:\Users\alish\Desktop\Data\target\D\Windows\prefetch\WMIPRVSE.EXE-28F301A9.pf,32144,DC9C9DA8CB5BBEFE00D0415D213CB0735C0DBB8C,False,2002-02-28 22:08:17.5815024,2002-06-05 00:05:45.2884432,2002-06-05 00:05:45.2884432,00:00:00.0031395
2024-01-14 13:50:57.8069679,D:\Windows\prefetch\WORDPAD.EXE-24533991.pf,C:\Users\alish\Desktop\Data\target\D\Windows\prefetch\WORDPAD.EXE-24533991.pf,13550,73DA14E6CC1BF3B8880B2C5FBE7DB2FB56B0C928,False,2002-04-01 12:51:05.1763104,2002-04-01 12:51:05.1763104,2002-04-01 12:51:05.1763104,00:00:00.0012308
2024-01-14 13:50:57.8132301,D:\Windows\prefetch\WPABALN.EXE-18F87702.pf,C:\Users\alish\Desktop\Data\target\D\Windows\prefetch\WPABALN.EXE-18F87702.pf,9200,DEB0089A1D6656CF328829A57F65B6E72BDCD011,False,2002-02-28 22:24:42.6479584,2002-03-01 15:38:14.7734224,2002-03-01 15:38:14.7734224,00:00:00.0062622
2024-01-14 13:50:57.8195172,D:\Windows\prefetch\WUAUCLT.EXE-399A8E72.pf,C:\Users\alish\Desktop\Data\target\D\Windows\prefetch\WUAUCLT.EXE-399A8E72.pf,22686,39C6727AE18DB7C37EEB4786E227841C818C83B3,False,2002-03-31 14:13:12.9834880,2002-06-03 15:50:10.9973360,2002-06-03 15:50:10.9973360,00:00:00
2024-01-14 13:50:57.8217093,D:\Windows\prefetch\YAHOO!_MESSENGER_INSTALL.EXE-1B57E2AA.pf,C:\Users\alish\Desktop\Data\target\D\Windows\prefetch\YAHOO!_MESSENGER_INSTALL.EXE-1B57E2AA.pf,5024,1C1C96E36358BB5ACC335A51AB81FEBAF65C5C5F,False,2002-05-14 16:12:22.9592289,2002-05-14 16:12:22.9692433,2002-05-14 16:12:22.9692433,00:00:00
2024-01-14 13:50:57.8217093,D:\Windows\prefetch\ZCLIENTM.EXE-25C31104.pf,C:\Users\alish\Desktop\Data\target\D\Windows\prefetch\ZCLIENTM.EXE-25C31104.pf,9216,F862C8C20026F9249590CC282E6457541C13F936,False,2002-04-01 12:43:40.7472528,2002-04-01 12:43:40.7572672,2002-04-01 12:43:40.7572672,00:00:00
2024-01-14 13:50:57.8359241,D:\Windows\prefetch\_INS5176._MP-23834F0A.pf,C:\Users\alish\Desktop\Data\target\D\Windows\prefetch\_INS5176._MP-23834F0A.pf,11238,B5FEDEC2D6D21208B3B38938DA6F8C9D1810315A,False,2002-03-01 15:28:21.9005344,2002-03-01 15:28:21.9506064,2002-03-01 15:28:21.9506064,00:00:00.0035047
2024-01-14 13:50:57.8389395,D:\Windows\prefetch\_WMANSCP.EXE-3519E06A.pf,C:\Users\alish\Desktop\Data\target\D\Windows\prefetch\_WMANSCP.EXE-3519E06A.pf,4694,E5FF074D546021CF8D321010D66FA3EC7C14DA51,False,2002-03-01 15:10:12.7964336,2002-03-01 15:10:12.7964336,2002-03-01 15:10:12.7964336,00:00:00
2024-01-14 13:50:57.8680854,D:\Documents and Settings\Bob Hunter\Recent\0409.lnk,C:\Users\alish\Desktop\Data\target\D\Documents and Settings\Bob Hunter\Recent\0409.lnk,657,8B1B84CD0E3F88EEF4642C03BE9D96FE1A437F1B,False,2002-06-04 23:54:07.0744608,2002-06-04 23:54:07.0744608,2002-06-04 23:54:07.0744608,00:00:00
2024-01-14 13:50:57.8861447,D:\Documents and Settings\Bob Hunter\Recent\101-0174_IMG.JPG.lnk,C:\Users\alish\Desktop\Data\target\D\Documents and Settings\Bob Hunter\Recent\101-0174_IMG.JPG.lnk,1029,CFC6038B96A7A9DF0995E5BFFAAC9D14054F4158,False,2002-06-03 22:45:52.2503184,2002-06-03 23:19:57.9118352,2002-06-03 23:19:57.9118352,00:00:00
2024-01-14 13:50:57.9080688,D:\Documents and Settings\Bob Hunter\Recent\101-0184_IMG.JPG.lnk,C:\Users\alish\Desktop\Data\target\D\Documents and Settings\Bob Hunter\Recent\101-0184_IMG.JPG.lnk,1043,FF019BB31F23D38FDEA1B3145E3D53605071300E,False,2002-06-03 23:25:22.8390576,2002-06-03 23:25:22.8490720,2002-06-03 23:25:22.8490720,00:00:00
2024-01-14 13:50:57.9186234,D:\Documents and Settings\Bob Hunter\Recent\102-0214_IMG.JPG.lnk,C:\Users\alish\Desktop\Data\target\D\Documents and Settings\Bob Hunter\Recent\102-0214_IMG.JPG.lnk,871,F41ABDE9CCD02FD0F1A2907B9419C5F62669875F,False,2002-06-03 22:25:19.8682400,2002-06-03 22:25:19.8782544,2002-06-03 22:25:19.8782544,00:00:00
2024-01-14 13:50:57.9342451,D:\Documents and Settings\Bob Hunter\Recent\103-0305_IMG.JPG.lnk,C:\Users\alish\Desktop\Data\target\D\Documents and Settings\Bob Hunter\Recent\103-0305_IMG.JPG.lnk,1029,979965721447B36DF308C8CA6344B7FFEF562EA0,False,2002-06-04 23:45:39.0940208,2002-06-04 23:45:39.1040352,2002-06-04 23:45:39.1040352,00:00:00
2024-01-14 13:50:57.9632487,D:\Documents and Settings\Bob Hunter\Recent\103-0330_IMG.JPG.lnk,C:\Users\alish\Desktop\Data\target\D\Documents and Settings\Bob Hunter\Recent\103-0330_IMG.JPG.lnk,1071,E6CEAAF8251538FC3243DE87D39756BA79760ED0,False,2002-06-03 23:55:43.4669920,2002-06-03 23:55:43.4770064,2002-06-03 23:55:43.4770064,00:00:00.0124623
2024-01-14 13:50:57.9835570,D:\Documents and Settings\Bob Hunter\Recent\103-0356_IMG.JPG.lnk,C:\Users\alish\Desktop\Data\target\D\Documents and Settings\Bob Hunter\Recent\103-0356_IMG.JPG.lnk,563,47CF1D126A3111776E1BAA7D71FD9DC20902AF66,False,2002-06-03 21:22:13.6539312,2002-06-03 21:22:13.7140176,2002-06-03 21:22:13.7140176,00:00:00.0012921
2024-01-14 13:50:58.0030036,D:\Documents and Settings\Bob Hunter\Recent\103-0356_IMG.zip.lnk,C:\Users\alish\Desktop\Data\target\D\Documents and Settings\Bob Hunter\Recent\103-0356_IMG.zip.lnk,533,173CFA78EDD027797DF8CA8B513C164D38B1B4C7,False,2002-06-03 21:24:10.7422960,2002-06-03 21:24:10.7923680,2002-06-03 21:24:10.7923680,00:00:00.0041044
2024-01-14 13:50:58.0237133,D:\Documents and Settings\Bob Hunter\Recent\103-0357_IMG.JPG.lnk,C:\Users\alish\Desktop\Data\target\D\Documents and Settings\Bob Hunter\Recent\103-0357_IMG.JPG.lnk,1029,8C5FB958C881D64D0DB05588CF4C270D2B3D084E,False,2002-06-04 23:46:08.6365008,2002-06-04 23:46:08.6465152,2002-06-04 23:46:08.6465152,00:00:00.0032807
2024-01-14 13:50:58.0453903,D:\Documents and Settings\Bob Hunter\Recent\103-0365_IMG.JPG.lnk,C:\Users\alish\Desktop\Data\target\D\Documents and Settings\Bob Hunter\Recent\103-0365_IMG.JPG.lnk,1085,CB7602DD29EA4C49D6C42A51AA24A96F655D2A79,False,2002-06-04 23:34:31.0834688,2002-06-04 23:34:31.1836128,2002-06-04 23:34:31.1836128,00:00:00.0023146
2024-01-14 13:50:58.0643157,D:\Documents and Settings\Bob Hunter\Recent\103-0396_IMG.JPG.lnk,C:\Users\alish\Desktop\Data\target\D\Documents and Settings\Bob Hunter\Recent\103-0396_IMG.JPG.lnk,1043,EC5257BD6CA89CE43FCD7756396F4020C99826B5,False,2002-06-03 23:16:57.0217280,2002-06-03 23:16:57.0718000,2002-06-03 23:16:57.0718000,00:00:00.0023917
2024-01-14 13:50:58.0848631,D:\Documents and Settings\Bob Hunter\Recent\104-0411_IMG.JPG.lnk,C:\Users\alish\Desktop\Data\target\D\Documents and Settings\Bob Hunter\Recent\104-0411_IMG.JPG.lnk,1144,BCEEBC9FC8664F89CF8B1C3BF94E2CBBB6782EB3,False,2002-06-03 22:23:38.5425408,2002-06-03 22:23:38.5525552,2002-06-03 22:23:38.5525552,00:00:00.0080784
2024-01-14 13:50:58.1047362,D:\Documents and Settings\Bob Hunter\Recent\104-0428_IMG.JPG.lnk,C:\Users\alish\Desktop\Data\target\D\Documents and Settings\Bob Hunter\Recent\104-0428_IMG.JPG.lnk,1144,56CBF3765773C8CD9392463673082411A232C61E,False,2002-06-03 22:22:47.4991440,2002-06-03 22:22:47.5191728,2002-06-03 22:22:47.5191728,00:00:00.0037192
2024-01-14 13:50:58.1252088,D:\Documents and Settings\Bob Hunter\Recent\Banking Information.txt.lnk,C:\Users\alish\Desktop\Data\target\D\Documents and Settings\Bob Hunter\Recent\Banking Information.txt.lnk,528,E54AA27B2EC9CFC3B16D53CB9175BF6798ED8AD5,False,2002-06-03 21:09:09.0457200,2002-06-03 21:09:09.0657488,2002-06-03 21:09:09.0657488,00:00:00.0030520
2024-01-14 13:50:58.1440517,D:\Documents and Settings\Bob Hunter\Recent\BILLY (C).lnk,C:\Users\alish\Desktop\Data\target\D\Documents and Settings\Bob Hunter\Recent\BILLY (C).lnk,184,5904C92A4D05C754E490770E460B4F8215314E0A,False,2002-06-03 20:05:20.7008304,2002-06-03 20:05:20.7509024,2002-06-03 20:05:20.7509024,00:00:00.0031420
2024-01-14 13:50:58.1634069,D:\Documents and Settings\Bob Hunter\Recent\Chaser1191.lnk,C:\Users\alish\Desktop\Data\target\D\Documents and Settings\Bob Hunter\Recent\Chaser1191.lnk,536,78DA78438E75B3067FD740C9B9620F29AEA72AFD,False,2002-05-14 16:21:26.1302705,2002-05-14 17:05:50.2807872,2002-05-14 17:05:50.2807872,00:00:00.0102111
2024-01-14 13:50:58.1827333,D:\Documents and Settings\Bob Hunter\Recent\Christina Detsiwt.lnk,C:\Users\alish\Desktop\Data\target\D\Documents and Settings\Bob Hunter\Recent\Christina Detsiwt.lnk,724,6654D2CC7A86CC6CCAF1B00C380BC662B921A1DC,False,2002-06-03 23:16:57.1419008,2002-06-03 23:25:22.9291872,2002-06-03 23:25:22.9291872,00:00:00.0038222
2024-01-14 13:50:58.2045084,D:\Documents and Settings\Bob Hunter\Recent\CURREX~1.zip.lnk,C:\Users\alish\Desktop\Data\target\D\Documents and Settings\Bob Hunter\Recent\CURREX~1.zip.lnk,785,E4C9F064C24004F1D6F09B19D56E206D9FD50914,False,2002-05-14 17:26:24.5155296,2002-05-14 17:26:24.5255440,2002-05-14 17:26:24.5255440,00:00:00.0015122
2024-01-14 13:50:58.2136795,D:\Documents and Settings\Bob Hunter\Recent\Desktop.ini,C:\Users\alish\Desktop\Data\target\D\Documents and Settings\Bob Hunter\Recent\Desktop.ini,150,2D14B16C7CF085D11A2EFCE62BACC782C6A9D6F9,False,2002-02-28 22:23:56.7219200,2002-02-28 22:23:56.7619776,2002-06-05 00:46:23.8147840,00:00:00.0064618
2024-01-14 13:50:58.2268001,D:\Documents and Settings\Bob Hunter\Recent\download.lnk,C:\Users\alish\Desktop\Data\target\D\Documents and Settings\Bob Hunter\Recent\download.lnk,670,D33E4B35637B7EB42E20F032F568A6C316DE7027,False,2002-05-14 17:10:49.5911744,2002-06-05 00:24:33.5306880,2002-06-05 00:24:33.5306880,00:00:00
2024-01-14 13:50:58.2489702,D:\Documents and Settings\Bob Hunter\Recent\hourz11.zip.lnk,C:\Users\alish\Desktop\Data\target\D\Documents and Settings\Bob Hunter\Recent\hourz11.zip.lnk,778,B0D135A63287ACB4E92ABC036320F482E732D6E9,False,2002-05-14 17:26:04.2563984,2002-05-14 17:26:04.2664128,2002-05-14 17:26:04.2664128,00:00:00
2024-01-14 13:50:58.2676060,D:\Documents and Settings\Bob Hunter\Recent\Hunter Pics.lnk,C:\Users\alish\Desktop\Data\target\D\Documents and Settings\Bob Hunter\Recent\Hunter Pics.lnk,588,A3C49937FB075B3AB17E9DB7EA6DD8A5532E37EC,False,2002-05-14 18:07:32.2808336,2002-06-03 22:45:52.3003904,2002-06-03 22:45:52.3003904,00:00:00.0038002
2024-01-14 13:50:58.2893119,D:\Documents and Settings\Bob Hunter\Recent\Hunter.log.lnk,C:\Users\alish\Desktop\Data\target\D\Documents and Settings\Bob Hunter\Recent\Hunter.log.lnk,863,8A6480752188D45E8C88401F348DB9596161103C,False,2002-05-14 17:12:59.4579136,2002-05-14 17:12:59.4679280,2002-05-14 17:12:59.4679280,00:00:00.0022526
2024-01-14 13:50:58.3075937,D:\Documents and Settings\Bob Hunter\Recent\index.htm.lnk,C:\Users\alish\Desktop\Data\target\D\Documents and Settings\Bob Hunter\Recent\index.htm.lnk,267,1327601F00A27CBB31C96699CD7EA96CC66C1679,False,2002-06-03 20:05:20.5406000,2002-06-03 20:05:20.5906720,2002-06-03 20:05:20.5906720,00:00:00.0081130
2024-01-14 13:50:58.3229542,D:\Documents and Settings\Bob Hunter\Recent\moviemk.chm.lnk,C:\Users\alish\Desktop\Data\target\D\Documents and Settings\Bob Hunter\Recent\moviemk.chm.lnk,841,FF2C9A0F02D80B07CE2D94896A997685CC86E12C,False,2002-06-04 23:54:07.0243888,2002-06-04 23:54:07.0344032,2002-06-04 23:54:07.0344032,00:00:00.0012855
2024-01-14 13:50:58.3454477,D:\Documents and Settings\Bob Hunter\Recent\Q309521.log.lnk,C:\Users\alish\Desktop\Data\target\D\Documents and Settings\Bob Hunter\Recent\Q309521.log.lnk,522,D88326B6E8E2A256EF990C9F4B29353C5427C39C,False,2002-06-03 22:28:17.1832064,2002-06-03 22:28:17.2432928,2002-06-03 22:28:17.2432928,00:00:00.0029953
2024-01-14 13:50:58.3608915,D:\Documents and Settings\Bob Hunter\Recent\receive.lnk,C:\Users\alish\Desktop\Data\target\D\Documents and Settings\Bob Hunter\Recent\receive.lnk,822,439F82CEACAABAFD68944658536F8E36A1AA277B,False,2002-05-14 16:33:58.2818113,2002-06-03 22:20:09.3317104,2002-06-03 22:20:09.3317104,00:00:00
2024-01-14 13:50:58.3807634,D:\Documents and Settings\Bob Hunter\Recent\Removable Disk (C).lnk,C:\Users\alish\Desktop\Data\target\D\Documents and Settings\Bob Hunter\Recent\Removable Disk (C).lnk,179,22CA775C26CC3E2558A7BA100DD7A6A472AEB440,False,2002-05-14 17:02:54.8585424,2002-05-14 19:08:11.6377792,2002-05-14 19:08:11.6377792,00:00:00
2024-01-14 13:50:58.4008890,D:\Documents and Settings\Bob Hunter\Recent\Sabrina and Christina.lnk,C:\Users\alish\Desktop\Data\target\D\Documents and Settings\Bob Hunter\Recent\Sabrina and Christina.lnk,744,A61125E153947E83570EF33E47A702955A6ECAD4,False,2002-06-03 23:55:43.5370928,2002-06-03 23:55:43.5471072,2002-06-03 23:55:43.5471072,00:00:00.0055020
2024-01-14 13:50:58.4199761,D:\Documents and Settings\Bob Hunter\Recent\Sabrina Dewercs.lnk,C:\Users\alish\Desktop\Data\target\D\Documents and Settings\Bob Hunter\Recent\Sabrina Dewercs.lnk,714,7C60F3A1CE92D90C3696A83E685624D429CDE5C4,False,2002-06-03 23:19:58.1321520,2002-06-04 23:46:08.6965872,2002-06-04 23:46:08.6965872,00:00:00.0041254
2024-01-14 13:50:58.4380249,D:\Documents and Settings\Bob Hunter\Recent\Sample Pictures.lnk,C:\Users\alish\Desktop\Data\target\D\Documents and Settings\Bob Hunter\Recent\Sample Pictures.lnk,662,F91030F5006E31C13096F6C0426F3B18269E77AC,False,2002-03-31 15:32:06.1016576,2002-03-31 15:55:10.3320832,2002-03-31 15:55:10.3320832,00:00:00.0145087
2024-01-14 13:50:58.4540066,D:\Documents and Settings\Bob Hunter\Recent\session.log.lnk,C:\Users\alish\Desktop\Data\target\D\Documents and Settings\Bob Hunter\Recent\session.log.lnk,856,13041519CC8000B41A773DF5FC8FA6F6EAB332CA,False,2002-05-14 17:10:49.4609872,2002-06-05 00:14:31.4849888,2002-06-05 00:14:31.4849888,00:00:00
2024-01-14 13:50:58.4729008,D:\Documents and Settings\Bob Hunter\Recent\Special Interests - Tech Chat.log.lnk,C:\Users\alish\Desktop\Data\target\D\Documents and Settings\Bob Hunter\Recent\Special Interests - Tech Chat.log.lnk,1000,1FB762DFBF59BCDDC5B416F77D63B1EEBE9E791A,False,2002-06-05 00:24:33.4806160,2002-06-05 00:24:33.4906304,2002-06-05 00:24:33.4906304,00:00:00
2024-01-14 13:50:58.4928992,D:\Documents and Settings\Bob Hunter\Recent\WINDOWS.lnk,C:\Users\alish\Desktop\Data\target\D\Documents and Settings\Bob Hunter\Recent\WINDOWS.lnk,392,CB0AC6167E7224BCD4D4C645D83CE7B39BCAB28D,False,2002-06-03 22:28:17.3634656,2002-06-03 22:28:17.4035232,2002-06-03 22:28:17.4035232,00:00:00
2024-01-14 13:50:58.5060934,D:\Documents and Settings\Bob Hunter\Recent\X Drive.txt (2).lnk,C:\Users\alish\Desktop\Data\target\D\Documents and Settings\Bob Hunter\Recent\X Drive.txt (2).lnk,610,1C488F934C7E5F9D243D60880E15E23DEC7EFBD6,False,2002-06-04 23:58:41.2086464,2002-06-04 23:58:41.2186608,2002-06-04 23:58:41.2186608,00:00:00.0010703
2024-01-14 13:50:58.5280046,D:\Documents and Settings\Bob Hunter\Recent\X Drive.txt.lnk,C:\Users\alish\Desktop\Data\target\D\Documents and Settings\Bob Hunter\Recent\X Drive.txt.lnk,554,E166C62DFACB6844B2BD08051422C88A16889E3B,False,2002-04-18 20:37:05.7829632,2002-04-18 20:37:05.8430496,2002-04-18 20:37:05.8430496,00:00:00.0094801
2024-01-14 13:50:58.5493981,D:\Documents and Settings\All Users\Desktop\Copernic 2001 Basic.lnk,C:\Users\alish\Desktop\Data\target\D\Documents and Settings\All Users\Desktop\Copernic 2001 Basic.lnk,759,2938A9B834F97B61677AD6F0362C9781AF93E888,False,2002-06-03 16:40:45.6809968,2002-06-03 16:40:45.6809968,2002-06-04 22:57:33.0113248,00:00:00.0056969
2024-01-14 13:50:58.5693378,D:\Documents and Settings\All Users\Desktop\Yahoo! Messenger.lnk,C:\Users\alish\Desktop\Data\target\D\Documents and Settings\All Users\Desktop\Yahoo! Messenger.lnk,702,DE341AA586BF53F32D76E375EBF99CD1D3CBC8CA,False,2002-05-14 16:22:00.5998353,2002-05-14 16:22:00.6098497,2002-06-04 23:35:52.7008288,00:00:00.0041588
2024-01-14 13:50:58.5920223,D:\Documents and Settings\Bob Hunter\Desktop\Agent.lnk,C:\Users\alish\Desktop\Data\target\D\Documents and Settings\Bob Hunter\Desktop\Agent.lnk,650,83E45A90CFB541FB64B9C7F5BD65F79AAF0F6797,False,2002-05-14 17:47:32.8192608,2002-05-14 17:23:35.6226736,2002-06-04 23:27:31.9407712,00:00:00.0018976
2024-01-14 13:50:58.6106423,D:\Documents and Settings\Bob Hunter\Desktop\AOL Instant Messenger (SM).lnk,C:\Users\alish\Desktop\Data\target\D\Documents and Settings\Bob Hunter\Desktop\AOL Instant Messenger (SM).lnk,616,0C3E96CA83542556F128BCB1B24B6C894E6B5696,False,2002-03-01 15:39:16.6824432,2002-03-31 16:22:21.7078864,2002-06-03 20:26:56.0935136,00:00:00
2024-01-14 13:50:58.6315455,D:\Documents and Settings\Bob Hunter\Desktop\Shortcut to Christina Detsiwt.lnk,C:\Users\alish\Desktop\Data\target\D\Documents and Settings\Bob Hunter\Desktop\Shortcut to Christina Detsiwt.lnk,289,64AD6EC19D57369ED4FFFA0D1857F5576B3DC0A1,False,2002-06-04 00:02:42.5696320,2002-06-04 00:02:42.5796464,2002-06-04 22:57:32.5907200,00:00:00.0032148
2024-01-14 13:50:58.6469203,D:\Documents and Settings\Bob Hunter\Desktop\Shortcut to Removable Disk (G).lnk,C:\Users\alish\Desktop\Data\target\D\Documents and Settings\Bob Hunter\Desktop\Shortcut to Removable Disk (G).lnk,179,116FEBA7F7F44B9B792E250E3C907164879DEEBA,False,2002-06-05 00:06:50.8727488,2002-06-05 00:06:50.8727488,2002-06-05 00:06:50.8727488,00:00:00.0025390
2024-01-14 13:50:58.6633885,D:\Documents and Settings\Bob Hunter\Desktop\Shortcut to Sabrina and Christina.lnk,C:\Users\alish\Desktop\Data\target\D\Documents and Settings\Bob Hunter\Desktop\Shortcut to Sabrina and Christina.lnk,301,7C12E6198B03FE835CA9BFC35738756C479A8543,False,2002-06-04 00:02:47.8972928,2002-06-04 00:02:47.8972928,2002-06-04 22:57:32.5606768,00:00:00.0032647
2024-01-14 13:50:58.6791366,D:\Documents and Settings\Bob Hunter\Desktop\Shortcut to Sabrina Dewercs.lnk,C:\Users\alish\Desktop\Data\target\D\Documents and Settings\Bob Hunter\Desktop\Shortcut to Sabrina Dewercs.lnk,283,515A024C353226A7B9DE60040C5201E417FD87FB,False,2002-06-04 00:02:55.2979344,2002-06-04 00:02:55.3079488,2002-06-04 22:57:32.5306336,00:00:00.0031936
2024-01-14 13:50:58.7183425,D:\RECYCLER\S-1-5-21-1229272821-1580818891-854245398-1004\INFO2,C:\Users\alish\Desktop\Data\target\D\RECYCLER\S-1-5-21-1229272821-1580818891-854245398-1004\INFO2,20,3F28C7AD4B3400A2828F678DBDFB7592638E8438,False,2002-03-01 15:38:11.4286128,2002-06-05 00:50:01.3872128,2002-06-05 00:50:01.3872128,00:00:00.0171784
2024-01-14 13:50:58.7269287,D:\Windows\System32\config\SAM.LOG,C:\Users\alish\Desktop\Data\target\D\Windows\System32\config\SAM.LOG,1024,62557DC37A03B55DB6637BC6FF585F5F8ABB2CC3,False,2002-02-28 15:22:02.3885984,2002-06-04 23:01:54.4804960,2002-06-04 23:01:54.4204096,00:00:00.0017521
2024-01-14 13:50:58.7269287,D:\Windows\System32\config\SECURITY.LOG,C:\Users\alish\Desktop\Data\target\D\Windows\System32\config\SECURITY.LOG,1024,927AA3AF8C6CEDDDE3BEC3B25414A4CBC0F8E452,False,2002-02-28 15:22:02.3885984,2002-06-05 00:08:44.1355248,2002-06-05 00:08:44.0554096,00:00:00
2024-01-14 13:50:58.7364475,D:\Windows\System32\config\software.LOG,C:\Users\alish\Desktop\Data\target\D\Windows\System32\config\software.LOG,1024,EC69D4C9DB3CADCD2132B9756BBF4F313EAF1873,False,2002-02-28 15:20:18.5137632,2002-06-05 00:46:36.5230576,2002-06-05 00:46:36.4329280,00:00:00
2024-01-14 13:50:58.7409146,D:\Windows\System32\config\system.LOG,C:\Users\alish\Desktop\Data\target\D\Windows\System32\config\system.LOG,1024,60174DA18A03EC72751A06037FB5F7A268DEFF6A,False,2002-02-28 15:20:18.5137632,2002-06-05 00:48:36.1045824,2002-06-05 00:48:35.9443520,00:00:00.0013019
2024-01-14 13:50:58.7489617,D:\Windows\System32\config\SAM,C:\Users\alish\Desktop\Data\target\D\Windows\System32\config\SAM,262144,A829950748667241CC08EC7E3B49D1B0FC43F48A,False,2002-02-28 15:22:02.3885984,2002-06-04 22:58:42.9381077,2002-06-04 22:58:42.9381077,00:00:00.0080471
2024-01-14 13:50:58.7567593,D:\Windows\System32\config\SECURITY,C:\Users\alish\Desktop\Data\target\D\Windows\System32\config\SECURITY,262144,A11B7037427E6ECB15EF59B3DBE5EA1E166D396C,False,2002-02-28 15:22:02.3785840,2002-06-05 00:08:44.1355248,2002-06-05 00:08:44.1355248,00:00:00.0052118
2024-01-14 13:50:58.8654090,D:\Windows\System32\config\software,C:\Users\alish\Desktop\Data\target\D\Windows\System32\config\software,9175040,548002BAD420B98736D4B1D8F2F76868D976FF5F,False,2002-02-28 15:20:18.2333600,2002-06-04 23:54:57.0563312,2002-06-04 23:54:57.0563312,00:00:00.0487376
2024-01-14 13:50:58.9046969,D:\Windows\System32\config\system,C:\Users\alish\Desktop\Data\target\D\Windows\System32\config\system,2883584,B2E7F4A86D248D755637F70F4222AE63B0A51189,False,2002-02-28 15:20:17.8027408,2002-06-05 00:06:13.6392096,2002-06-04 23:01:47.2701280,00:00:00.0222778
2024-01-14 13:50:58.9325267,D:\Documents and Settings\Bob Hunter\NTUSER.DAT,C:\Users\alish\Desktop\Data\target\D\Documents and Settings\Bob Hunter\NTUSER.DAT,1572864,171A2E77BB36754DA5ACB709D0076A78D6790298,False,2002-02-28 22:22:27.9242352,2002-06-05 00:47:38.0615456,2002-06-04 23:21:26.8057328,00:00:00.0177973
2024-01-14 13:50:58.9465821,D:\Documents and Settings\Default User\NTUSER.DAT,C:\Users\alish\Desktop\Data\target\D\Documents and Settings\Default User\NTUSER.DAT,233472,2A80B0C602F60F61C54EF94209B8D24AB627AF97,False,2002-02-28 21:59:20.6363488,2002-02-28 21:59:20.8967232,2002-02-28 21:59:20.8967232,00:00:00.0101222
2024-01-14 13:50:58.9601201,D:\Documents and Settings\LocalService\NTUSER.DAT,C:\Users\alish\Desktop\Data\target\D\Documents and Settings\LocalService\NTUSER.DAT,233472,A86D398A271056AF9BAFEE0EFF8AB73C02975F34,False,2002-02-28 22:05:43.1502832,2002-06-04 22:58:42.9280933,2002-06-04 22:58:42.9280933,00:00:00.0085008
2024-01-14 13:50:58.9706057,D:\Documents and Settings\NetworkService\NTUSER.DAT,C:\Users\alish\Desktop\Data\target\D\Documents and Settings\NetworkService\NTUSER.DAT,233472,594A2F20B70B4C6C37134AF4D2A8D009E21A7F62,False,2002-02-28 22:05:41.3877488,2002-06-04 22:58:42.9280933,2002-06-04 22:58:42.9280933,00:00:00.0070383
2024-01-14 13:50:58.9844256,D:\Windows\System32\config\default,C:\Users\alish\Desktop\Data\target\D\Windows\System32\config\default,262144,03C7E08314ECBB2C72B275BB9CE6233ACEC940A8,False,2002-02-28 15:20:18.3435184,2002-06-04 22:58:42.9381077,2002-06-04 22:58:42.9381077,00:00:00.0045726
2024-01-14 13:50:58.9904448,D:\Windows\System32\config\default.LOG,C:\Users\alish\Desktop\Data\target\D\Windows\System32\config\default.LOG,1024,8695062495A9DCA7739AD88E953ECC26B62F2E16,False,2002-02-28 15:20:18.5337920,2002-06-05 00:08:34.5617584,2002-06-05 00:08:34.4716288,00:00:00
2024-01-14 13:50:59.0087126,D:\Windows\SchedLgU.Txt,C:\Users\alish\Desktop\Data\target\D\Windows\SchedLgU.Txt,6500,F46985393DDB78181015610D93F0A395D0932CD7,False,2002-02-28 22:05:45.4535952,2002-06-04 22:58:39.4931541,2002-06-04 22:58:39.4931541,00:00:00
2024-01-14 13:50:59.1027652,D:\Windows\setupapi.log,C:\Users\alish\Desktop\Data\target\D\Windows\setupapi.log,264850,3AA000296252D8D11DFC885D092B457035F3ED19,False,2002-02-28 15:22:44.5592368,2002-06-05 00:06:18.0054880,2002-06-05 00:06:18.0054880,00:00:00.0432801
2024-01-14 13:50:59.4189145,D:\$MFT,C:\Users\alish\Desktop\Data\target\D\$MFT,11753472,A9F7305A0B6D676E212A0BA4E6BC5AEDD486966D,True,2002-02-28 15:13:36.1251568,2002-02-28 15:13:36.1251568,2002-02-28 15:13:36.1251568,00:00:00.0625168
2024-01-14 13:50:59.7829130,D:\$LogFile,C:\Users\alish\Desktop\Data\target\D\$LogFile,10600448,61DE8B424962ED8C66300ECB910FAE0B5A387B84,True,2002-02-28 15:13:36.1251568,2002-02-28 15:13:36.1251568,2002-02-28 15:13:36.1251568,00:00:00.0594791
2024-01-14 13:50:59.8117616,D:\$Secure:$SDS,C:\Users\alish\Desktop\Data\target\D\$Secure_$SDS,294952,A0C30CA79D75D1531C459521907881A6771A4E19,True,1601-01-01 00:00:00.0000000,1601-01-01 00:00:00.0000000,1601-01-01 00:00:00.0000000,00:00:00.0027226
2024-01-14 13:50:59.8173523,D:\$Boot,C:\Users\alish\Desktop\Data\target\D\$Boot,8192,099596B251C1976B8CFE4C3FA141F0C99C3A8C87,True,2002-02-28 15:13:36.1251568,2002-02-28 15:13:36.1251568,2002-02-28 15:13:36.1251568,00:00:00
